grsA_pos,msa_pos
1,23
2,24
3,25
4,26
5,27
6,28
7,36
8,39
9,40
10,41
11,42
12,43
13,44
14,46
15,47
16,48
17,49
18,50
19,51
20,61
21,62
22,65
23,67
24,71
25,73
26,79
27,80
28,81
29,82
30,83
31,84
32,85
33,86
34,87
35,88
36,89
37,90
38,91
39,97
40,118
41,120
42,121
43,123
44,124
45,128
46,168
47,170
48,177
49,179
50,181
51,183
52,186
53,187
54,216
55,232
56,246
57,255
58,264
59,305
60,337
61,351
62,372
63,395
64,401
65,407
66,408
67,409
68,413
69,414
70,415
71,416
72,417
73,418
74,426
75,427
76,428
77,429
78,430
79,431
80,434
81,436
82,444
83,459
84,473
85,489
86,499
87,513
88,524
89,532
90,539
91,545
92,548
93,549
94,551
95,552
96,556
97,557
98,558
99,572
100,581
101,583
102,584
103,586
104,587
105,588
106,590
107,591
108,592
109,593
110,594
111,595
112,596
113,597
114,615
115,616
116,617
117,618
118,619
119,620
120,623
121,624
122,626
123,628
124,634
125,645
126,654
127,658
128,659
129,668
130,669
131,670
132,671
133,675
134,680
135,681
136,686
137,688
138,690
139,709
140,711
141,714
142,716
143,724
144,729
145,764
146,784
147,811
148,826
149,878
150,886
151,904
152,908
153,916
154,924
155,963
156,1026
157,1179
158,1193
159,1208
160,1229
161,1251
162,1303
163,1335
164,1357
165,1446
166,1479
167,1626
168,1720
169,1792
170,1808
171,1855
172,1889
173,1972
174,2029
175,2058
176,2094
177,2139
178,2280
179,2287
180,2299
181,2308
182,2315
183,2322
184,2334
185,2343
186,2377
187,2378
188,2380
189,2381
190,2382
191,2383
192,2385
193,2386
194,2387
195,2389
196,2390
197,2400
198,2405
199,2407
200,2408
201,2409
202,2410
203,2411
204,2412
205,2414
206,2415
207,2416
208,2436
209,2438
210,2441
211,2443
212,2451
213,2461
214,2465
215,2471
216,2476
217,2486
218,2495
219,2508
220,2531
221,2543
222,2562
223,2570
224,2589
225,2595
226,2603
227,2606
228,2610
229,2612
230,2632
231,2633
232,2638
233,2640
234,2641
235,2642
236,2643
237,2645
238,2647
239,2649
240,2651
241,2653
242,2654
243,2656
244,2659
245,2662
246,2663
247,2678
248,2692
249,2694
250,2695
251,2703
252,2705
253,2714
254,2716
255,2718
256,2728
257,2734
258,2749
259,2754
260,3115
261,3121
262,3123
263,3126
264,3129
265,3153
266,3164
267,3168
268,3172
269,3188
270,3191
271,3196
272,3203
273,3208
274,3217
275,3227
276,3230
277,3232
278,3234
279,3235
280,3237
281,3238
282,3247
283,3253
284,3255
285,3259
286,3264
287,3273
288,3280
289,3289
290,3620
291,3636
292,3647
293,3659
294,3664
295,3669
296,3673
297,3678
298,3706
299,3710
300,3713
301,3714
302,3715
303,3721
304,3723
305,3724
306,3728
307,3734
308,3736
309,3740
310,3743
311,3760
312,3764
313,3777
314,3782
315,3827
316,3845
317,3852
318,3865
319,3868
320,3870
321,3871
322,3872
323,3873
324,3875
325,3876
326,3877
327,3878
328,3879
329,3881
330,3883
331,3885
332,3888
333,3890
334,3893
335,3908
336,3915
337,3930
338,3940
339,3958
340,4032
341,4083
342,4191
343,4211
344,4227
345,4239
346,4247
347,4250
348,4253
349,4255
350,4257
351,4259
352,4261
353,4270
354,4272
355,4274
356,4275
357,4276
358,4277
359,4279
360,4288
361,4294
362,4299
363,4328
364,4333
365,4340
366,4343
367,4345
368,4357
369,4370
370,4375
371,4377
372,4378
373,4379
374,4381
375,4382
376,4383
377,4386
378,4390
379,4392
380,4395
381,4398
382,4400
383,4402
384,4403
385,4404
386,4405
387,4406
388,4408
389,4411
390,4414
391,4421
392,4424
393,4443
394,4448
395,4455
396,4456
397,4457
398,4458
399,4471
400,4477
401,4482
402,4488
403,4510
404,4742
405,4799
406,4818
407,4821
408,4827
409,4828
410,4829
411,4830
412,4831
413,4833
414,4834
415,4835
416,4837
417,4838
418,4843
419,4846
420,4863
421,4868
422,4894
423,4900
424,4901
425,4902
426,4903
427,4905
428,4906
429,4908
430,4911
431,4914
432,4916
433,4917
434,4918
435,4919
436,4920
437,4921
438,4943
439,4944
440,4945
441,4946
442,4947
443,4949
444,4950
445,4951
446,4952
447,4953
448,4954
449,4955
450,4956
451,4969
452,4976
453,4983
454,4995
455,5000
456,5048
457,5059
458,5074
459,5081
460,5084
461,5095
462,5099
463,5102
464,5108
465,5122
466,5154
467,5181
468,5230
469,5247
470,5274
471,5281
472,5283
473,5290
474,5292
475,5295
476,5300
477,5303
478,5309
479,5320
480,5345
481,5546
482,5680
483,5750
484,5791
485,5812
486,5823
487,5837
488,5842
489,5847
490,5848
491,5850
492,5851
493,5855
494,5858
495,5863
496,5867
497,5868
498,5869
499,5871
500,5888
501,5891
502,5893
503,5903
504,5904
505,5907
506,5908
507,5909
508,5913
509,5915
510,5919
511,5990
512,6036
513,6037
514,6092
515,6096
516,6100
517,6102
518,6109
519,6110
520,6112
521,6116
522,6117
523,6122
524,6130
525,6131
526,6132
527,6133
528,6134
529,6135
530,6136
531,6137
532,6138
533,6139
534,6140
535,6141
536,6142
537,6143
538,6144
539,6145
540,6146
541,6147
542,6148
543,6149
544,6150
545,6151
546,6152
547,6153
548,6154
549,6155
550,6156
551,6157
552,6158
553,6159
554,6160
555,6161
556,6162
557,6163
558,6164
559,6165
560,6166
561,6167
562,6168
563,6169
564,6170
565,6171
566,6172
567,6173
568,6174
569,6175
570,6176
571,6177
572,6178
573,6179
574,6180
575,6181
576,6182
577,6183
578,6184
579,6185
580,6186
581,6187
582,6188
583,6189
584,6190
585,6191
586,6192
587,6193
588,6194
589,6195
590,6196
591,6197
592,6198
593,6199
594,6200
595,6201
596,6202
597,6203
598,6204
599,6205
600,6206
601,6207
602,6208
603,6209
604,6210
605,6211
606,6212
607,6213
608,6214
609,6215
610,6216
611,6217
612,6218
613,6219
614,6220
615,6221
616,6222
617,6223
618,6224
619,6225
620,6226
621,6227
622,6228
623,6229
624,6230
625,6231
626,6232
627,6233
628,6234
629,6235
630,6236
631,6237
632,6238
633,6239
634,6240
635,6241
636,6242
637,6243
638,6244
639,6245
640,6246
641,6247
642,6248
643,6249
644,6250
645,6251
646,6252
647,6253
648,6254
649,6255
650,6256
651,6257
652,6258
653,6259
654,6260
655,6261
656,6262
657,6263
658,6264
659,6265
660,6266
661,6267
662,6268
663,6269
664,6270
665,6271
666,6272
667,6273
668,6274
669,6275
670,6276
671,6277
672,6278
673,6279
674,6280
675,6281
676,6282
677,6283
678,6284
679,6285
680,6286
681,6287
682,6288
683,6289
684,6290
685,6291
686,6292
687,6293
688,6294
689,6295
690,6296
691,6297
692,6298
693,6299
694,6300
695,6301
696,6302
697,6303
698,6304
699,6305
700,6306
701,6307
702,6308
703,6309
704,6310
705,6311
706,6312
707,6313
708,6314
709,6315
710,6316
711,6317
712,6318
713,6319
714,6320
715,6321
716,6322
717,6323
718,6324
719,6325
720,6326
721,6327
722,6328
723,6329
724,6330
725,6331
726,6332
727,6333
728,6334
729,6335
730,6336
731,6337
732,6338
733,6339
734,6340
735,6341
736,6342
737,6343
738,6344
739,6345
740,6346
741,6347
742,6348
743,6349
744,6350
745,6351
746,6352
747,6353
748,6354
749,6355
750,6356
751,6357
752,6358
753,6359
754,6360
755,6361
756,6362
757,6363
758,6364
759,6365
760,6366
761,6367
762,6368
763,6369
764,6370
765,6371
766,6372
767,6373
768,6374
769,6375
770,6376
771,6377
772,6378
773,6379
774,6380
775,6381
776,6382
777,6383
778,6384
779,6385
780,6386
781,6387
782,6388
783,6389
784,6390
785,6391
786,6392
787,6393
788,6394
789,6395
790,6396
791,6397
792,6398
793,6399
794,6400
795,6401
796,6402
797,6403
798,6404
799,6405
800,6406
801,6407
802,6408
803,6409
804,6410
805,6411
806,6412
807,6413
808,6414
809,6415
810,6416
811,6417
812,6418
813,6419
814,6420
815,6421
816,6422
817,6423
818,6424
819,6425
820,6426
821,6427
822,6428
823,6429
824,6430
825,6431
826,6432
827,6433
828,6434
829,6435
830,6436
831,6437
832,6438
833,6439
834,6440
835,6441
836,6442
837,6443
838,6444
839,6445
840,6446
841,6447
842,6448
843,6449
844,6450
845,6451
846,6452
847,6453
848,6454
849,6455
850,6456
851,6457
852,6458
853,6459
854,6460
855,6461
856,6462
857,6463
858,6464
859,6465
860,6466
861,6467
862,6468
863,6469
864,6470
865,6471
866,6472
867,6473
868,6474
869,6475
870,6476
871,6477
872,6478
873,6479
874,6480
875,6481
876,6482
877,6483
878,6484
879,6485
880,6486
881,6487
882,6488
883,6489
884,6490
885,6491
886,6492
887,6493
888,6494
889,6495
890,6496
891,6497
892,6498
893,6499
894,6500
895,6501
896,6502
897,6503
898,6504
899,6505
900,6506
901,6507
902,6508
903,6509
904,6510
905,6511
906,6512
907,6513
908,6514
909,6515
910,6516
911,6517
912,6518
913,6519
914,6520
915,6521
916,6522
917,6523
918,6524
919,6525
920,6526
921,6527
922,6528
923,6529
924,6530
925,6531
926,6532
927,6533
928,6534
929,6535
930,6536
931,6537
932,6538
933,6539
934,6540
935,6541
936,6542
937,6543
938,6544
939,6545
940,6546
941,6547
942,6548
943,6549
944,6550
945,6551
946,6552
947,6553
948,6554
949,6555
950,6556
951,6557
952,6558
953,6559
954,6560
955,6561
956,6562
957,6563
958,6564
959,6565
960,6566
961,6567
962,6568
963,6569
964,6570
965,6571
966,6572
967,6573
968,6574
969,6575
970,6576
971,6577
972,6578
973,6579
974,6580
975,6581
976,6582
977,6583
978,6584
979,6585
980,6586
981,6587
982,6588
983,6589
984,6590
985,6591
986,6592
987,6593
988,6594
989,6595
990,6596
991,6597
992,6598
993,6599
994,6600
995,6601
996,6602
997,6603
998,6604
999,6605
1000,6606
1001,6607
1002,6608
1003,6609
1004,6610
1005,6611
1006,6612
1007,6613
1008,6614
1009,6615
1010,6616
1011,6617
1012,6618
1013,6619
1014,6620
1015,6621
1016,6622
1017,6623
1018,6624
1019,6625
1020,6626
1021,6627
1022,6628
1023,6629
1024,6630
1025,6631
1026,6632
1027,6633
1028,6634
1029,6635
1030,6636
1031,6637
1032,6638
1033,6639
1034,6640
1035,6641
1036,6642
1037,6643
1038,6644
1039,6645
1040,6646
1041,6647
1042,6648
1043,6649
1044,6650
1045,6651
1046,6652
1047,6653
1048,6654
1049,6655
1050,6656
1051,6657
1052,6658
1053,6659
1054,6660
1055,6661
1056,6662
1057,6663
1058,6664
1059,6665
1060,6666
1061,6667
1062,6668
1063,6669
1064,6670
1065,6671
1066,6672
1067,6673
1068,6674
1069,6675
1070,6676
1071,6677
1072,6678
1073,6679
1074,6680
1075,6681
1076,6682
1077,6683
1078,6684
1079,6685
1080,6686
1081,6687
1082,6688
1083,6689
1084,6690
1085,6691
1086,6692
1087,6693
1088,6694
1089,6695
1090,6696
1091,6697
1092,6698
1093,6699
1094,6700
1095,6701
1096,6702
1097,6703
1098,6704
